124,140,117,128,157,130,130,124,140,147,135,180,157,130,117,127,120,120,120,120,120,120,120,120,117,127,121,117,121,93,167,212,187,107,117,140,130,126,121,117,180,177,175,176,93,170,193,186,183,195,219,204,192,173,171,179,166,162,179,140,158,150,175,176,179,140,171,179,193,193,178,161,121,117,117,127,130,130,127,127,128,128,128,128,127,170,208,192,166,162,146,158,193,196,176,178,180,174,193,196,192,
119,141,111,131,154,130,138,133,140,147,135,179,154,130,119,125,120,120,120,120,120,120,120,120,117,127,121,117,120,93,163,216,198,92,119,125,130,127,118,119,219,196,173,174,122,159,191,187,183,195,216,202,189,174,172,183,167,165,139,131,152,150,173,174,144,148,173,174,178,200,215,145,119,125,119,125,130,130,127,127,128,128,128,128,121,157,206,194,167,165,149,169,192,195,177,179,192,195,192,195,189,
127,128,131,136,159,125,135,127,141,146,138,176,179,141,115,126,120,120,120,120,120,120,120,120,117,127,121,117,117,91,161,215,179,141,119,118,128,129,119,118,172,186,174,175,68,170,201,204,215,201,192,171,171,182,167,167,148,150,179,137,159,175,181,163,174,195,193,198,159,125,115,126,131,136,115,126,126,126,126,126,128,129,128,129,126,159,196,195,167,167,149,165,179,181,212,179,179,180,193,198,186,
126,126,130,135,158,128,133,131,142,143,140,179,181,145,110,116,120,120,120,120,120,120,120,120,117,127,121,117,119,95,153,211,181,145,114,140,126,124,126,124,176,181,171,171,119,165,189,186,147,132,119,165,206,205,211,182,183,167,166,155,171,135,134,146,172,174,183,167,171,171,154,169,214,188,110,116,126,126,126,126,135,114,107,158,224,178,205,197,183,167,143,169,177,178,205,197,194,194,195,195,179,
135,127,130,133,148,129,133,131,139,143,143,166,179,150,114,118,120,120,120,120,120,120,120,120,117,127,121,117,121,97,150,220,179,150,113,141,130,133,128,126,178,184,168,171,123,164,189,187,150,124,138,202,209,206,209,181,181,182,169,152,176,139,136,139,168,171,189,187,168,171,153,169,196,187,114,118,126,126,126,126,128,126,110,159,247,169,207,200,182,151,173,182,181,182,209,181,174,181,190,199,182,
131,126,131,133,157,128,144,149,139,141,148,181,178,150,111,116,120,120,120,120,120,120,120,120,117,127,121,117,123,80,150,217,157,128,120,126,131,133,125,126,147,151,151,165,61,202,191,188,168,145,140,207,218,220,212,188,187,165,156,158,151,155,138,138,151,146,196,192,151,146,174,181,200,183,111,116,126,126,126,126,135,110,155,181,187,107,208,217,187,165,166,172,176,178,189,197,187,187,193,193,190,
118,121,131,133,148,134,148,148,139,144,153,159,179,152,111,117,120,120,120,120,120,120,120,120,117,127,121,117,117,81,135,224,156,123,123,127,126,126,126,126,148,161,184,149,47,185,189,188,162,149,158,163,189,188,204,204,200,192,190,198,158,158,156,157,126,150,154,165,185,164,154,165,154,165,214,148,123,127,131,133,126,126,126,126,131,201,205,217,203,202,172,179,169,174,203,202,174,178,190,198,185,
117,123,129,133,146,138,151,145,139,144,153,159,178,151,111,118,120,120,120,120,120,120,120,120,117,127,121,117,122,92,130,221,161,124,111,118,129,133,126,124,154,163,172,175,97,177,190,191,165,152,143,148,190,191,217,216,197,188,188,191,157,158,154,163,124,152,171,173,186,162,152,173,176,176,223,157,123,127,131,133,129,133,126,124,152,208,205,217,199,199,185,171,172,175,173,214,178,180,197,188,190,
135,130,131,132,146,136,152,145,139,144,153,159,165,165,113,118,120,120,120,120,120,120,120,120,117,127,121,117,119,94,127,219,165,117,113,118,126,126,126,126,151,162,175,150,87,177,190,191,164,150,139,178,205,205,215,215,188,189,182,158,157,158,151,162,142,140,176,181,171,153,152,171,192,193,178,104,121,121,124,124,126,126,108,138,215,215,205,205,188,189,171,153,170,175,177,220,176,181,197,189,186,
128,128,134,138,145,139,151,148,134,141,154,159,167,169,112,118,120,120,120,120,120,120,120,120,117,127,121,117,116,91,161,181,178,120,125,127,132,130,124,125,151,158,150,165,72,198,193,191,161,146,144,178,190,191,216,215,197,189,189,183,153,151,151,158,119,151,169,168,184,158,169,168,174,179,178,120,125,127,125,127,124,125,124,125,176,223,206,202,189,183,183,175,172,178,176,223,189,183,197,189,184,
124,130,129,124,143,135,153,148,133,140,147,146,161,162,112,118,120,120,120,120,120,120,120,120,117,127,121,117,131,107,131,220,188,120,102,134,126,128,126,128,150,166,178,151,121,150,190,190,167,157,141,169,205,202,216,214,186,184,193,150,156,149,156,149,141,169,176,180,172,155,149,149,171,193,188,120,125,127,125,127,126,128,102,134,205,202,205,202,186,184,158,161,168,175,190,199,172,180,198,190,202,
123,127,129,122,146,138,151,152,134,138,154,157,165,161,110,119,120,120,120,120,120,120,120,120,117,127,121,117,133,110,126,223,199,147,110,119,126,124,126,124,152,170,178,152,117,147,190,190,175,154,142,169,192,201,217,210,185,188,191,150,177,170,145,125,142,169,175,179,172,155,158,170,172,192,181,120,125,127,125,127,126,124,99,132,213,197,204,204,185,188,142,169,162,177,192,201,175,179,200,192,185,
125,128,132,126,135,139,149,150,135,139,140,168,185,155,113,119,120,120,120,120,120,120,120,120,117,127,121,117,132,105,140,168,183,118,125,126,126,124,126,124,126,124,158,167,63,202,186,164,154,140,159,164,188,192,204,206,181,184,181,184,158,158,149,164,121,150,181,184,186,164,158,167,174,179,183,118,125,126,125,126,126,124,126,124,135,213,210,218,215,214,172,176,165,179,192,197,181,184,200,194,192,
98,133,127,133,149,127,140,136,134,141,142,169,190,164,116,119,120,120,120,120,120,120,120,120,117,127,121,117,133,108,154,192,179,117,123,128,123,128,123,128,145,162,157,166,78,186,182,171,157,138,138,172,204,204,204,204,180,184,186,160,156,150,156,150,121,151,180,184,172,157,157,166,174,192,179,117,128,130,128,130,123,128,123,128,180,220,204,204,204,204,158,157,162,174,180,220,180,184,201,192,194,
100,129,130,138,156,140,139,135,134,142,157,157,156,167,114,119,120,120,120,120,120,120,120,120,117,127,121,117,132,107,127,225,181,115,114,119,135,130,124,126,150,170,179,178,115,198,192,191,157,143,135,172,205,205,205,205,181,184,187,164,174,161,155,149,140,143,168,175,176,155,157,165,167,176,181,115,128,130,128,130,124,126,107,134,182,223,197,203,195,190,158,160,163,172,182,223,168,175,201,193,187,
126,126,131,131,145,147,142,134,143,147,150,154,163,171,115,118,120,120,120,120,121,121,121,121,123,123,125,125,105,115,156,197,171,116,124,126,130,128,130,128,149,150,164,170,90,188,187,187,157,136,138,175,198,202,217,216,183,190,188,171,174,164,138,131,153,167,164,170,187,145,151,152,171,171,171,116,123,123,131,131,124,126,111,141,197,223,198,202,198,202,158,157,170,177,176,226,164,170,187,190,188,
126,127,130,125,145,147,135,136,135,136,170,140,167,169,114,117,120,120,120,120,121,121,121,121,123,123,125,125,114,117,123,178,165,115,125,129,125,129,130,125,113,139,160,168,90,190,185,169,140,130,136,176,214,215,211,201,180,187,202,171,156,153,140,130,136,176,180,187,160,168,166,179,177,176,165,115,120,122,135,133,125,129,113,139,211,201,214,215,211,201,153,165,176,169,195,217,187,190,187,192,185,
124,128,131,138,143,146,134,131,134,131,170,145,165,161,114,116,120,120,120,120,121,121,121,121,124,125,124,125,114,116,149,173,171,124,124,125,124,125,121,119,124,191,162,143,124,191,187,188,151,134,138,209,207,199,202,172,185,176,162,153,162,153,140,122,162,167,185,176,162,167,162,167,184,189,114,116,120,122,135,133,136,110,120,165,249,153,195,213,179,169,173,165,178,167,195,213,185,176,202,172,179,
129,122,135,130,143,151,144,140,150,150,164,157,164,157,112,117,120,120,120,120,121,121,121,121,119,119,119,119,112,117,135,184,183,128,123,127,135,130,125,121,107,167,162,148,90,187,186,188,151,140,174,207,215,216,197,172,197,172,163,153,167,151,131,152,155,172,176,165,142,147,157,195,201,143,123,127,120,122,135,133,134,109,161,201,243,136,196,214,202,150,163,153,190,182,183,222,187,189,187,189,176,
125,124,133,130,141,136,140,142,133,130,164,157,164,157,110,116,120,120,120,120,121,121,121,121,119,119,119,119,110,116,141,175,179,129,121,124,125,118,125,118,109,165,159,154,126,200,179,168,139,121,212,216,212,216,198,170,176,163,150,167,163,150,136,153,169,189,178,158,155,171,187,196,198,148,121,124,120,122,135,133,125,118,173,201,140,128,202,201,179,168,150,167,172,174,191,217,185,188,201,193,176,
124,131,132,125,150,151,139,142,150,151,142,173,180,170,111,116,120,120,120,120,121,121,121,121,119,119,119,119,111,116,142,173,143,136,121,124,125,122,125,122,117,168,150,124,134,180,175,167,122,129,209,214,209,214,186,192,175,167,153,169,126,126,151,159,166,190,159,148,153,169,185,190,161,117,121,124,120,122,135,133,119,145,178,175,69,101,191,211,192,172,153,169,171,174,193,223,186,192,198,198,168,
